Dates,Total Entries,Total Exits
2016-01-01,2526728,2084949
2016-01-02,2971689,2362068
2016-01-03,2424741,1953525
2016-01-04,5251329,3883860
2016-01-05,5256490,3895179
2016-01-06,5494769,4069510
2016-01-07,5521836,4091106
2016-01-08,5523825,4116503
2016-01-09,3064353,2448903
2016-01-10,2209342,1802374
2016-01-11,5369792,3973015
2016-01-12,5483887,4064542
2016-01-13,5473239,4062089
2016-01-14,5521263,4080666
2016-01-15,5521213,4096222
2016-01-16,3015268,2394457
2016-01-17,2406446,1950199
2016-01-18,3279306,2572235
2016-01-19,5364765,3966086
2016-01-20,5540183,4080114
2016-01-21,5619106,4139926
2016-01-22,5509708,4055384
2016-01-23,1080188,971704
2016-01-24,1609870,1309833
2016-01-25,5196042,3809616
2016-01-26,5568360,4107406
2016-01-27,5635759,4194489
2016-01-28,5640162,4202228
2016-01-29,5552482,4158319
2016-01-30,3194453,2541803
2016-01-31,2496354,2018515
2016-02-01,5441899,4055819
2016-02-02,5777162,4284469
2016-02-03,5676298,4196807
2016-02-04,5847570,4304883
2016-02-05,5475325,4082359
2016-02-06,3160217,2522845
2016-02-07,2422292,1964329
2016-02-08,5089493,3831419
2016-02-09,5629204,4155277
2016-02-10,5754770,4225694
2016-02-11,5759455,4221256
2016-02-12,5325153,3959088
2016-02-13,2663470,2136605
2016-02-14,2056787,1696153
2016-02-15,3038060,2362235
2016-02-16,4996471,3754831
2016-02-17,5400739,4061768
2016-02-18,5401384,4048981
2016-02-19,5258680,3949771
2016-02-20,3109464,2493946
2016-02-21,2366270,1944687
2016-02-22,5506003,4040308
2016-02-23,5616256,4130767
2016-02-24,5523814,4063415
2016-02-25,5751864,4233608
2016-02-26,5622394,4162799
2016-02-27,3151737,2501926
2016-02-28,2513230,2026103
2016-02-29,5510995,4057196
2016-03-01,5753772,4232489
2016-03-02,5733227,4254300
2016-03-03,5777499,4267393
2016-03-04,5599087,4141714
2016-03-05,3239428,2597234
2016-03-06,2520430,2056513
2016-03-07,5609359,4105440
2016-03-08,5830710,4276813
2016-03-09,5882158,4320954
2016-03-10,5872672,4320838
2016-03-11,5809596,4307810
2016-03-12,3372085,2677584
2016-03-13,2561455,2092925
2016-03-14,5449808,3954184
2016-03-15,5783531,4187430
2016-03-16,5875885,4244750
2016-03-17,5905219,4298322
2016-03-18,5838147,4302267
2016-03-19,3337202,2588531
2016-03-20,2514529,1992677
2016-03-21,5557775,4029887
2016-03-22,5747935,4190040
2016-03-23,5779942,4264743
2016-03-24,5846709,4352032
2016-03-25,4743327,3710559
2016-03-26,3296457,2680709
2016-03-27,2453764,2053592
2016-03-28,5386014,4009170
2016-03-29,5805186,4312633
2016-03-30,5873145,4347593
2016-03-31,5876117,4354637
2016-04-01,5742510,4310128
2016-04-02,3226418,2589321
2016-04-03,2410787,1979070
2016-04-04,5547090,4084855
2016-04-05,5857214,4313531
2016-04-06,5910620,4337252
2016-04-07,5801137,4249874
2016-04-08,5872792,4359057
2016-04-09,3077678,2439180
2016-04-10,2586024,2044781
2016-04-11,5662901,4110088
2016-04-12,5793228,4229854
2016-04-13,5979985,4366753
2016-04-14,5940975,4343968
2016-04-15,5896877,4390533
2016-04-16,3399881,2685775
2016-04-17,2678582,2139012
2016-04-18,5680572,4175757
2016-04-19,5860645,4344280
2016-04-20,5900765,4384971
2016-04-21,5866834,4392194
2016-04-22,5608245,4267361
2016-04-23,3225011,2574941
2016-04-24,2592574,2043513
2016-04-25,5138062,3835164
2016-04-26,5225964,3916626
2016-04-27,5407797,4046752
2016-04-28,5326170,3979656
2016-04-29,5230533,3958290
2016-04-30,3258181,2530233
2016-05-01,2327308,1833988
2016-05-02,5573845,4069917
2016-05-03,5757842,4217834
2016-05-04,5884740,4294528
2016-05-05,5955440,4344410
2016-05-06,5734253,4252955
2016-05-07,3260327,2531838
2016-05-08,2503758,1971716
2016-05-09,5659089,4129151
2016-05-10,5850269,4262042
2016-05-11,5928213,4326964
2016-05-12,5940085,4352886
2016-05-13,5741946,4244102
2016-05-14,3378230,2630109
2016-05-15,2647880,2095376
2016-05-16,5752973,4181799
2016-05-17,5944830,4347388
2016-05-18,6028895,4380181
2016-05-19,5896930,4323846
2016-05-20,5849026,4281112
2016-05-21,3316775,2577644
2016-05-22,2569521,2030131
2016-05-23,5677400,4130168
2016-05-24,5799789,4206234
2016-05-25,5969217,4362582
2016-05-26,5884124,4300890
2016-05-27,5526037,4069576
2016-05-28,3082114,2416861
2016-05-29,2646009,2090560
2016-05-30,2457604,1906517
2016-05-31,5620865,4115540
2016-06-01,5844874,4319025
2016-06-02,5902202,4332607
2016-06-03,5708207,4216052
2016-06-04,3283484,2605946
2016-06-05,2346176,1891470
2016-06-06,5722784,4199730
2016-06-07,5875690,4320929
2016-06-08,5873816,4342785
2016-06-09,5826208,4336885
2016-06-10,5784936,4267690
2016-06-11,3269474,2581405
2016-06-12,2739576,2176411
2016-06-13,5495260,4069363
2016-06-14,5745490,4304468
2016-06-15,5887877,4341893
2016-06-16,5726919,4254905
2016-06-17,5701305,4264361
2016-06-18,3312248,2634890
2016-06-19,2549479,2055595
2016-06-20,5480004,4043356
2016-06-21,5688596,4245058
2016-06-22,5732369,4280082
2016-06-23,5614182,4199605
2016-06-24,5643653,4273897
2016-06-25,3327384,2666909
2016-06-26,2858309,2304528
2016-06-27,5420124,4056886
2016-06-28,5537742,4141364
2016-06-29,5560158,4135113
2016-06-30,5507305,4126901
2016-07-01,4883440,3691563
2016-07-02,2947655,2337927
2016-07-03,2507751,2006000
2016-07-04,2588734,2082480
2016-07-05,4975172,3778084
2016-07-06,5302359,4025929
2016-07-07,5375864,4049711
2016-07-08,5278670,3977786
2016-07-09,2984749,2398499
2016-07-10,2556637,2087206
2016-07-11,5300770,3995906
2016-07-12,5523017,4146847
2016-07-13,5493054,4134801
2016-07-14,5507221,4122697
2016-07-15,5348216,4029670
2016-07-16,3112113,2463041
2016-07-17,2577214,2052396
2016-07-18,5212250,3900770
2016-07-19,5520893,4134065
2016-07-20,5628461,4210877
2016-07-21,5605102,4197766
2016-07-22,5384235,4041858
2016-07-23,3073015,2440504
2016-07-24,2548325,2043217
2016-07-25,5108057,3827347
2016-07-26,5465350,4109744
2016-07-27,5513246,4154783
2016-07-28,5472728,4107975
2016-07-29,5187711,3923205
2016-07-30,2998998,2407532
2016-07-31,2349940,1898915
2016-08-01,5179425,3859058
2016-08-02,5416977,4127629
2016-08-03,5540578,4146914
2016-08-04,5507255,4117534
2016-08-05,5309728,3994886
2016-08-06,3020660,2381253
2016-08-07,2564885,2055393
2016-08-08,5115463,3858602
2016-08-09,5347227,4036105
2016-08-10,5279272,3994190
2016-08-11,5316294,4008640
2016-08-12,5098889,3842717
2016-08-13,2880302,2294845
2016-08-14,2332935,1887368
2016-08-15,4973809,3744977
2016-08-16,5149319,3885084
2016-08-17,5217080,3942307
2016-08-18,5159708,3899542
2016-08-19,5035812,3797567
2016-08-20,2937025,2309887
2016-08-21,2336845,1873534
2016-08-22,4885646,3708030
2016-08-23,5101051,3869320
2016-08-24,5146362,3899349
2016-08-25,5196411,3925651
2016-08-26,5065924,3822336
2016-08-27,3058500,2410957
2016-08-28,2488896,1988811
2016-08-29,5028029,3767311
2016-08-30,5234825,3956362
2016-08-31,5242419,3940007
2016-09-01,5168713,3902651
2016-09-02,5023692,3784706
2016-09-03,2990959,2363546
2016-09-04,2558028,2037474
2016-09-05,2533597,2010395
2016-09-06,5299887,3965722
2016-09-07,5571771,4159832
2016-09-08,5850591,4338651
2016-09-09,5740284,4249477
2016-09-10,3212969,2536889
2016-09-11,2563563,2063371
2016-09-12,5378187,4013450
2016-09-13,5889632,4318084
2016-09-14,5948752,4359917
2016-09-15,6008286,4396985
2016-09-16,5874345,4324474
2016-09-17,3309161,2593425
2016-09-18,2418947,1944450
2016-09-19,5543130,4062900
2016-09-20,5969606,4356269
2016-09-21,6016939,4395810
2016-09-22,6025790,4426627
2016-09-23,5898649,4343544
2016-09-24,3347762,2660246
2016-09-25,2647418,2137904
2016-09-26,5704625,4179300
2016-09-27,5865712,4321361
2016-09-28,5958474,4382492
2016-09-29,5944853,4348596
2016-09-30,5781696,4239270
2016-10-01,3132776,2468962
2016-10-02,2476340,1986551
2016-10-03,4890145,3676678
2016-10-04,5162154,3865396
2016-10-05,5966048,4352970
2016-10-06,5993860,4392240
2016-10-07,5927674,4333736
2016-10-08,3162858,2509012
2016-10-09,2373071,1932739
2016-10-10,4354286,3333748
2016-10-11,5605462,4133668
2016-10-12,5011831,3779709
2016-10-13,5973516,4375486
2016-10-14,5938753,4353790
2016-10-15,3299796,2624515
2016-10-16,2588598,2087316
2016-10-17,5577492,4087124
2016-10-18,5806059,4254909
2016-10-19,5946288,4384120
2016-10-20,5938363,4345025
2016-10-21,5732615,4214244
2016-10-22,3139306,2521911
2016-10-23,2613946,2069329
2016-10-24,5637876,4116648
2016-10-25,5843722,4280615
2016-10-26,6004599,4366229
2016-10-27,5909341,4291273
2016-10-28,5943051,4344684
2016-10-29,3301715,2616658
2016-10-30,2501813,2027534
2016-10-31,5680971,4175288
2016-11-01,5889324,4311059
2016-11-02,5940614,4329439
2016-11-03,5958568,4358778
2016-11-04,5985958,4383554
2016-11-05,3426274,2678975
2016-11-06,2882499,2268050
2016-11-07,5767148,4191270
2016-11-08,5308789,3950040
2016-11-09,5824865,4259084
2016-11-10,6021064,4376156
2016-11-11,5144156,3873446
2016-11-12,3388374,2666523
2016-11-13,2617982,2114309
2016-11-14,5684650,4139971
2016-11-15,5667047,4144303
2016-11-16,5965902,4365279
2016-11-17,6024380,4385611
2016-11-18,5914682,4326103
2016-11-19,3393994,2680037
2016-11-20,2486630,2012260
2016-11-21,5678767,4127700
2016-11-22,5868565,4249053
2016-11-23,5509099,4000268
2016-11-24,2166414,1741205
2016-11-25,3440711,2685950
2016-11-26,2872308,2280889
2016-11-27,2369938,1903511
2016-11-28,5567454,4054580
2016-11-29,5596779,4087607
2016-11-30,5783950,4213847
2016-12-01,5985104,4357054
2016-12-02,5917017,4322746
2016-12-03,3538891,2770707
2016-12-04,2705223,2160041
2016-12-05,5733279,4154078
2016-12-06,5927695,4294032
2016-12-07,5949871,4324367
2016-12-08,6032648,4372695
2016-12-09,5943690,4334942
2016-12-10,3558181,2775975
2016-12-11,2677835,2134582
2016-12-12,5636953,4082532
2016-12-13,5844696,4255161
2016-12-14,5962323,4333934
2016-12-15,5813312,4221264
2016-12-16,5707177,4168022
2016-12-17,3189902,2503058
2016-12-18,2714420,2155358
2016-12-19,5604044,4077018
2016-12-20,5724930,4173085
2016-12-21,5624073,4117547
2016-12-22,5439798,3991697
2016-12-23,4923186,3640527
2016-12-24,2468198,1965729
2016-12-25,1793515,1467954
2016-12-26,2712066,2113925
2016-12-27,4498208,3442487
2016-12-28,4795788,3649746
2016-12-29,4477356,3408140
2016-12-30,4731302,3599779
2016-12-31,2972980,2378704
2017-01-01,2401228,1983159
2017-01-02,2702521,2119173
2017-01-03,5158369,3826541
2017-01-04,5528757,4088662
2017-01-05,5499672,4065606
2017-01-06,5383336,4002820
2017-01-07,2656627,2128379
2017-01-08,2181304,1756702
2017-01-09,5181069,3791830
2017-01-10,5412855,3976188
2017-01-11,5508468,4058459
2017-01-12,5559315,4084617
2017-01-13,5531556,4094826
2017-01-14,2864918,2276119
2017-01-15,2411349,1934804
2017-01-16,3328420,2580174
2017-01-17,5406392,3973130
2017-01-18,5518725,4051038
2017-01-19,5642802,4144892
2017-01-20,5427748,4028423
2017-01-21,3271345,2556298
2017-01-22,2235642,1809456
2017-01-23,5085938,3753351
2017-01-24,5216258,3845266
2017-01-25,5546973,4099120
2017-01-26,5527055,4159699
2017-01-27,5414828,4152361
2017-01-28,3038503,2520813
2017-01-29,2420505,2048388
2017-01-30,5323583,4018592
2017-01-31,5533316,4125368
2017-02-01,5705524,4208737
2017-02-02,5742007,4224997
2017-02-03,5638168,4145945
2017-02-04,3047392,2414142
2017-02-05,2326007,1865566
2017-02-06,5472695,4028762
2017-02-07,5603274,4167947
2017-02-08,5836208,4253855
2017-02-09,2985004,2341824
2017-02-10,5610766,4113505
2017-02-11,3192545,2520536
2017-02-12,2163244,1764521
2017-02-13,5409678,3972849
2017-02-14,5805992,4239014
2017-02-15,5791539,4225537
2017-02-16,5691197,4175935
2017-02-17,5600456,4129242
2017-02-18,3114047,2451629
2017-02-19,2634483,2109485
2017-02-20,3254369,2500111
2017-02-21,5314837,4018005
2017-02-22,5421135,4069432
2017-02-23,5514044,4143891
2017-02-24,5410212,4083709
2017-02-25,3004326,2409225
2017-02-26,2359922,1913570
2017-02-27,5531697,4080115
2017-02-28,5737403,4235495
2017-03-01,5726591,4239927
2017-03-02,5879896,4332893
2017-03-03,5746167,4242437
2017-03-04,3026638,2412923
2017-03-05,2327675,1881979
2017-03-06,5669931,4115666
2017-03-07,5792550,4257930
2017-03-08,5919785,4357172
2017-03-09,5916645,4364411
2017-03-10,5505194,4099774
2017-03-11,3025436,2407912
2017-03-12,2374992,1910591
2017-03-13,5715956,4189039
2017-03-14,1088622,946194
2017-03-15,5539393,4073560
2017-03-16,6088916,4478076
2017-03-17,6071972,4495862
2017-03-18,3120959,2480933
2017-03-19,2586666,2064102
2017-03-20,5643504,4171042
2017-03-21,5836221,4308631
2017-03-22,5801690,4315745
2017-03-23,5858661,4319025
2017-03-24,5738824,4302525
2017-03-25,3225527,2569861
2017-03-26,2397351,1939268
2017-03-27,5521158,4067742
2017-03-28,5723196,4219509
2017-03-29,5928359,4369320
2017-03-30,5948283,4398421
2017-03-31,5600993,4168359
2017-04-01,3173370,2555126
2017-04-02,2630539,2152936
2017-04-03,5771781,4326053
2017-04-04,5712804,4289509
2017-04-05,5976417,4512458
2017-04-06,5730402,4335477
2017-04-07,5845640,4354986
2017-04-08,3343240,2670712
2017-04-09,2708708,2189847
2017-04-10,5298495,3995181
2017-04-11,5434448,4128451
2017-04-12,5392729,4106134
2017-04-13,5606982,4238185
2017-04-14,4940983,3800219
2017-04-15,3211223,2535967
2017-04-16,2533991,2052224
2017-04-17,5035859,3831505
2017-04-18,5389079,4071108
2017-04-19,5870497,4337260
2017-04-20,5863435,4342523
2017-04-21,5777906,4267231
2017-04-22,3357165,2688309
2017-04-23,2639261,2122677
2017-04-24,5628856,4155004
2017-04-25,5733639,4244321
2017-04-26,5831685,4312666
2017-04-27,5969586,4409787
2017-04-28,5903601,4363404
2017-04-29,3392686,2691641
2017-04-30,2560670,2062423
2017-05-01,5647308,4167719
2017-05-02,5878967,4353824
2017-05-03,5935362,4393083
2017-05-04,5967405,4416353
2017-05-05,5443402,4072557
2017-05-06,3184118,2558732
2017-05-07,2513736,2025890
2017-05-08,5653139,4198042
2017-05-09,5829807,4335936
2017-05-10,5882179,4368722
2017-05-11,5929039,4390375
2017-05-12,5831098,4340063
2017-05-13,2684529,2171665
2017-05-14,2450116,1973456
2017-05-15,5640991,4177552
2017-05-16,5908731,4370435
2017-05-17,5993925,4437376
2017-05-18,5990573,4446911
2017-05-19,5834992,4333591
2017-05-20,3342421,2648128
2017-05-21,2661651,2130805
2017-05-22,5467121,4077500
2017-05-23,5857896,4361474
2017-05-24,5894547,4385806
2017-05-25,5687154,4212694
2017-05-26,5438449,4039427
2017-05-27,2892878,2307181
2017-05-28,2476075,1989231
2017-05-29,2268742,1805176
2017-05-30,5515258,4117442
2017-05-31,5640629,4229667
2017-06-01,5755024,4305900
2017-06-02,5730782,4306799
2017-06-03,3250062,2588994
2017-06-04,2526904,2044877
2017-06-05,5570201,4151486
2017-06-06,5798658,4327771
2017-06-07,5941582,4435686
2017-06-08,5754512,4327654
2017-06-09,5769320,4325845
2017-06-10,3359268,2675864
2017-06-11,2705003,2175018
2017-06-12,5500593,4160416
2017-06-13,5702594,4305544
2017-06-14,5788067,4338200
2017-06-15,5852650,4385681
2017-06-16,5533314,4176251
2017-06-17,3021771,2431908
2017-06-18,2500258,2035272
2017-06-19,5299867,4008045
2017-06-20,5701513,4289374
2017-06-21,5696912,4309487
2017-06-22,5715949,4331802
2017-06-23,5456110,4127523
2017-06-24,3213989,2570976
2017-06-25,2946304,2363472
2017-06-26,5281524,4031063
2017-06-27,5543566,4211068
2017-06-28,5702659,4335844
2017-06-29,5549159,4232671
2017-06-30,5263187,4008822
2017-07-01,2793597,2244251
2017-07-02,2485952,2052525
2017-07-03,3966082,3095253
2017-07-04,2662426,2150223
2017-07-05,5012843,3833609
2017-07-06,5099548,3831142
2017-07-07,5151474,3923363
2017-07-08,3052635,2423678
2017-07-09,2543423,2042428
2017-07-10,5248167,4020391
2017-07-11,5429598,4155093
2017-07-12,5480364,4204478
2017-07-13,5421848,4159501
2017-07-14,5141837,3958008
2017-07-15,3147769,2513245
2017-07-16,2577824,2075082
2017-07-17,5255991,4021202
2017-07-18,5475682,4200989
2017-07-19,5529993,4228529
2017-07-20,5523868,4207900
2017-07-21,5277021,4034215
2017-07-22,3015106,2409867
2017-07-23,2392956,1931904
2017-07-24,5038284,3880092
2017-07-25,5467236,4173767
2017-07-26,5575061,4259701
2017-07-27,5527525,4217403
2017-07-28,5315857,4042323
2017-07-29,2997584,2412013
2017-07-30,2561322,2058704
2017-07-31,5150468,3938035
2017-08-01,5370607,4082794
2017-08-02,5372915,4112372
2017-08-03,5447493,4156934
2017-08-04,5202828,3985481
2017-08-05,2971585,2374370
2017-08-06,2518237,2021113
2017-08-07,4875375,3744121
2017-08-08,5350448,4078079
2017-08-09,5385764,4113017
2017-08-10,5371737,4107087
2017-08-11,5167624,3963324
2017-08-12,2937436,2367751
2017-08-13,2536362,2038421
2017-08-14,4989487,3835488
2017-08-15,5137186,3941102
2017-08-16,5271724,4043933
2017-08-17,5283350,4012451
2017-08-18,4770148,3674635
2017-08-19,2983035,2371807
2017-08-20,2431584,1959077
2017-08-21,4762881,3675502
2017-08-22,5016672,3858559
2017-08-23,5062165,3891392
2017-08-24,5084443,3909815
2017-08-25,5017366,3845359
2017-08-26,2939690,2340876
2017-08-27,2392174,1927324
2017-08-28,5000282,3818209
2017-08-29,5128536,3898761
2017-08-30,5261906,4028414
2017-08-31,5209230,3961490
2017-09-01,4906221,3751653
2017-09-02,2788343,2291475
2017-09-03,2280230,1859672
2017-09-04,2592847,2049338
2017-09-05,5261418,3992451
2017-09-06,5413202,4090974
2017-09-07,5784904,4321966
2017-09-08,5743718,4263373
2017-09-09,3205417,2536037
2017-09-10,2525145,2022198
2017-09-11,5715710,4226130
2017-09-12,5885960,4348013
2017-09-13,5919946,4368751
2017-09-14,5941686,4377830
2017-09-15,5860319,4344874
2017-09-16,3245840,2592563
2017-09-17,2610604,2114922
2017-09-18,5752476,4245621
2017-09-19,5860277,4353820
2017-09-20,5762164,4331938
2017-09-21,5213673,3951348
2017-09-22,5285871,4008434
2017-09-23,3236450,2581701
2017-09-24,2543487,2057977
2017-09-25,5603381,4180417
2017-09-26,5838917,4328938
2017-09-27,5859229,4337229
2017-09-28,5897566,4359445
2017-09-29,5634185,4190644
2017-09-30,3016941,2408971
2017-10-01,2523838,2026884
2017-10-02,5599477,4139803
2017-10-03,5858974,4320699
2017-10-04,5870195,4342537
2017-10-05,5817624,4322163
2017-10-06,5710335,4250458
2017-10-07,3232065,2606371
2017-10-08,2476167,2037538
2017-10-09,4111760,3204422
2017-10-10,5878376,4382780
2017-10-11,5885859,4387215
2017-10-12,5865533,4421026
2017-10-13,5780052,4297829
2017-10-14,3137257,2521525
2017-10-15,2510278,2037814
2017-10-16,5755400,4228321
2017-10-17,5941108,4390648
2017-10-18,5951829,4407069
2017-10-19,5946037,4474456
2017-10-20,5846839,4404008
2017-10-21,3266402,2654397
2017-10-22,2545397,2089329
2017-10-23,5694330,4243187
2017-10-24,5740718,4298542
2017-10-25,5993871,4473325
2017-10-26,6034931,4509437
2017-10-27,5942298,4483996
2017-10-28,3283382,2647595
2017-10-29,2045652,1727906
2017-10-30,5679728,4247948
2017-10-31,5863254,4397333
2017-11-01,5912709,4450659
2017-11-02,5968966,4432357
2017-11-03,5904768,4413542
2017-11-04,3274317,2598236
2017-11-05,2601510,2078445
2017-11-06,5665896,4201206
2017-11-07,5488208,4138231
2017-11-08,5914856,4378531
2017-11-09,5994854,4413437
2017-11-10,5402326,4078020
2017-11-11,3128910,2495696
2017-11-12,2451490,1993057
2017-11-13,5578823,4120004
2017-11-14,5861278,4343298
2017-11-15,5921171,4388096
2017-11-16,5876650,4392251
2017-11-17,5840039,4330432
2017-11-18,3112166,2479207
2017-11-19,2495146,2024070
2017-11-20,5719374,4198599
2017-11-21,5783188,4261253
2017-11-22,5334926,3963508
2017-11-23,2143336,1745586
2017-11-24,3418363,2700341
2017-11-25,2800745,2264338
2017-11-26,2261203,1845521
2017-11-27,5522616,4064004
2017-11-28,5769685,4258932
2017-11-29,5883187,4357165
2017-11-30,5891831,4342691
2017-12-01,5866504,4350267
2017-12-02,3433832,2766785
2017-12-03,2560344,2099453
2017-12-04,5707872,4202572
2017-12-05,5844672,4311648
2017-12-06,5959880,4405839
2017-12-07,6003311,4427328
2017-12-08,5897999,4371376
2017-12-09,3156098,2554472
2017-12-10,2603696,2103345
2017-12-11,5409477,3991959
2017-12-12,5813001,4290281
2017-12-13,5704444,4234228
2017-12-14,5826919,4311981
2017-12-15,5722625,4244571
2017-12-16,3370441,2693137
2017-12-17,2663308,2160713
2017-12-18,5599222,4123993
2017-12-19,5785185,4281297
2017-12-20,5731934,4263938
2017-12-21,5581093,4140833
2017-12-22,5117137,3828363
2017-12-23,2685474,2152041
2017-12-24,2290253,1861403
2017-12-25,1603331,1340170
2017-12-26,3781409,2918201
2017-12-27,4351951,3338676
2017-12-28,4287937,3288895
2017-12-29,4259567,3293279
2017-12-30,2734725,2205967
2017-12-31,2289324,1887660
2018-01-01,1901996,1584604
2018-01-02,4836360,3633518
2018-01-03,5308942,3952135
2018-01-04,2786644,2180160
2018-01-05,4643107,3460153
2018-01-06,2354970,1901463
2018-01-07,1985487,1608328
2018-01-08,5179234,3833519
2018-01-09,5444608,4034878
2018-01-10,5482935,4079957
2018-01-11,5507888,4138843
2018-01-12,5186149,3911055
2018-01-13,2825668,2303710
2018-01-14,2177076,1823091
2018-01-15,3144818,2509389
2018-01-16,5361322,3983894
2018-01-17,5264499,3970165
2018-01-18,5473320,4097565
2018-01-19,5370353,4067470
2018-01-20,3090258,2512737
2018-01-21,2222805,1854643
2018-01-22,5137208,3867369
2018-01-23,5225640,3964848
2018-01-24,5423845,4092648
2018-01-25,5387599,4069101
2018-01-26,5366056,4007429
2018-01-27,3024558,2444547
2018-01-28,2186475,1835976
2018-01-29,5264625,3951808
2018-01-30,5510930,4112146
2018-01-31,5553668,4156651
2018-02-01,5600044,4176790
2018-02-02,5415653,4047107
2018-02-03,2831060,2307071
2018-02-04,2124517,1750649
2018-02-05,5360403,3987724
2018-02-06,5612082,4139122
2018-02-07,5374041,4007390
2018-02-08,5661914,4201335
2018-02-09,5516858,4110244
2018-02-10,2844483,2338442
2018-02-11,2018356,1711129
2018-02-12,5258264,3935131
2018-02-13,5645260,4196175
2018-02-14,5660008,4209357
2018-02-15,5588881,4177625
2018-02-16,5049803,3811432
2018-02-17,2774483,2286066
2018-02-18,2283384,1910885
2018-02-19,3046755,2410914
2018-02-20,5165846,3915151
2018-02-21,5364412,4095004
2018-02-22,5231595,3983202
2018-02-23,5114940,3889738
2018-02-24,2916722,2385286
2018-02-25,2137311,1800329
2018-02-26,5411202,4032665
2018-02-27,5632022,4194746
2018-02-28,5655923,4235680
2018-03-01,5607120,4206911
2018-03-02,4886374,3698294
2018-03-03,2951927,2387438
2018-03-04,2329542,1923895
2018-03-05,5489813,4112775
2018-03-06,5770548,4270810
2018-03-07,4008957,3053209
2018-03-08,5493606,4111739
2018-03-09,5656680,4257128
2018-03-10,3141385,2521469
2018-03-11,2447134,2008225
2018-03-12,5457268,4089461
2018-03-13,5328130,4004602
2018-03-14,5758425,4309899
2018-03-15,5770185,4365421
2018-03-16,5657323,4291520
2018-03-17,3144905,2556899
2018-03-18,2387522,1979630
2018-03-19,5458797,4069013
2018-03-20,5604799,4172090
2018-03-21,3040099,2403565
2018-03-22,5393102,4028367
2018-03-23,5640974,4224620
2018-03-24,3213564,2624543
2018-03-25,2344335,1953295
2018-03-26,5560098,4170133
2018-03-27,5743257,4295883
2018-03-28,5743792,4305364
2018-03-29,5733231,4321461
2018-03-30,4641838,3591052
2018-03-31,3008158,2458866
2018-04-01,2237740,1886731
2018-04-02,4607939,3550123
2018-04-03,5197419,3973382
2018-04-04,5294617,4055329
2018-04-05,5426063,4148153
2018-04-06,5123386,3928224
2018-04-07,3021855,2474441
2018-04-08,2368201,2007572
2018-04-09,5447876,4077695
2018-04-10,5627840,4200838
2018-04-11,5684416,4258769
2018-04-12,5753728,4307380
2018-04-13,5693394,4305709
2018-04-14,3351487,2701844
2018-04-15,2185490,1818358
2018-04-16,5104399,3853603
2018-04-17,5729876,4297058
2018-04-18,5809842,4343330
2018-04-19,5769572,4317086
2018-04-20,5768135,4336783
2018-04-21,3225458,2605549
2018-04-22,2530707,2081158
2018-04-23,5562271,4156892
2018-04-24,5718126,4296140
2018-04-25,5585601,4210669
2018-04-26,5903906,4448983
2018-04-27,5610553,4240551
2018-04-28,3176227,2583320
2018-04-29,2449144,2008485
2018-04-30,5567840,4158796
2018-05-01,5827607,4345015
2018-05-02,5862003,4383242
2018-05-03,5900327,4421051
2018-05-04,5734304,4319685
2018-05-05,3210110,2663550
2018-05-06,2395318,1988217
2018-05-07,5571646,4164499
2018-05-08,5819245,4347253
2018-05-09,5867474,4389315
2018-05-10,5825237,4354088
2018-05-11,5757884,4313638
2018-05-12,2913624,2373289
2018-05-13,2230381,1837819
2018-05-14,5534750,4143501
2018-05-15,5771060,4309373
2018-05-16,5814625,4351956
2018-05-17,5778330,4332590
2018-05-18,5675384,4285626
2018-05-19,2872210,2346031
2018-05-20,2467657,2009985
2018-05-21,5437873,4084672
2018-05-22,5652158,4235753
2018-05-23,5793965,4344763
2018-05-24,5755987,4340414
2018-05-25,5358931,4066095
2018-05-26,2834582,2284023
2018-05-27,2119163,1753299
2018-05-28,2431303,1935560
2018-05-29,5486158,4128101
2018-05-30,5707490,4298906
2018-05-31,5651166,4271383
2018-06-01,5597456,4227615
2018-06-02,3032261,2441966
2018-06-03,2442084,1996781
2018-06-04,5452736,4100108
2018-06-05,5649586,4265354
2018-06-06,5759744,4372346
2018-06-07,5625039,4254511
2018-06-08,5643314,4247978
2018-06-09,3161580,2550316
2018-06-10,2428088,1991877
2018-06-11,5428286,4110921
2018-06-12,5696666,4286055
2018-06-13,5656956,4266000
2018-06-14,5746009,4324721
2018-06-15,5360259,4066104
2018-06-16,3128654,2519918
2018-06-17,2396889,1968177
2018-06-18,5291615,4000302
2018-06-19,5607686,4227308
2018-06-20,5644878,4257045
2018-06-21,5689088,4265996
2018-06-22,5435073,4121281
2018-06-23,2921020,2393015
2018-06-24,2774791,2265730
2018-06-25,5331364,4062318
2018-06-26,5586817,4265708
2018-06-27,5415198,4134675
2018-06-28,5309635,4036844
2018-06-29,5288522,4043194
2018-06-30,2929941,2365152
2018-07-01,2253625,1847635
2018-07-02,4871434,3746864
2018-07-03,4914260,3776924
2018-07-04,2561721,2106284
2018-07-05,4703048,3700740
2018-07-06,4585514,3557962
2018-07-07,2799757,2287221
2018-07-08,2310168,1902963
2018-07-09,5157205,3946727
2018-07-10,5367868,4101994
2018-07-11,5434852,4139274
2018-07-12,5468351,4152175
2018-07-13,5265486,4014783
2018-07-14,2998861,2410710
2018-07-15,2271841,1865229
2018-07-16,5155493,3920332
2018-07-17,5213907,3962379
2018-07-18,5502318,4166760
2018-07-19,5484357,4171297
2018-07-20,5248309,3995800
2018-07-21,2845164,2334262
2018-07-22,2231155,1855866
2018-07-23,5054859,3848654
2018-07-24,5415087,4138916
2018-07-25,5293411,4050124
2018-07-26,5487909,4175070
2018-07-27,5149565,3947181
2018-07-28,2990919,2415689
2018-07-29,2426330,1987905
2018-07-30,5069331,3887489
2018-07-31,5336269,4093978
2018-08-01,5306266,4063715
2018-08-02,5330506,4085238
2018-08-03,5040799,3877101
2018-08-04,2736542,2258196
2018-08-05,2375327,1963096
2018-08-06,5008839,3845656
2018-08-07,5207730,4012830
2018-08-08,5253967,4044009
2018-08-09,5326797,4024889
2018-08-10,5077017,3860145
2018-08-11,2510981,2071229
2018-08-12,2285302,1880772
2018-08-13,4812072,3670734
2018-08-14,5177547,3953497
2018-08-15,5218076,4027630
2018-08-16,5165535,3975845
2018-08-17,4913875,3787559
2018-08-18,2689459,2222946
2018-08-19,2160934,1811755
2018-08-20,4758300,3681722
2018-08-21,4947160,3844046
2018-08-22,5002181,3873664
2018-08-23,5049457,3895696
2018-08-24,4884515,3768883
2018-08-25,2806486,2344612
2018-08-26,2280126,1922168
2018-08-27,4924853,3775167
2018-08-28,5091780,3909931
2018-08-29,5067035,3890660
2018-08-30,5092366,3897132
2018-08-31,4726550,3630199
2018-09-01,2724687,2231186
2018-09-02,2344917,1937595
2018-09-03,2371478,1961232
2018-09-04,5121503,3957661
2018-09-05,5514440,4212709
2018-09-06,5687334,4235896
2018-09-07,5525046,4176597
2018-09-08,2962023,2398202
2018-09-09,2187144,1803934
2018-09-10,4596179,3540437
2018-09-11,5051324,3873005
2018-09-12,5783978,4441084
2018-09-13,5820884,4410276
2018-09-14,5699157,4281727
2018-09-15,3102165,2501433
2018-09-16,2464742,2017290
2018-09-17,5553173,4151164
2018-09-18,5358500,4098732
2018-09-19,5018746,3894101
2018-09-20,5900914,4412996
2018-09-21,5729201,4303517
2018-09-22,3211907,2604170
2018-09-23,2400064,1972269
2018-09-24,5522951,4153185
2018-09-25,5488580,4144997
2018-09-26,5873312,4429740
2018-09-27,5911530,4447590
2018-09-28,5629059,4306348
2018-09-29,3151108,2664926
2018-09-30,2450875,2115679
2018-10-01,5440946,4191062
2018-10-02,5631359,4334701
2018-10-03,5895030,4502080
2018-10-04,5941619,4560533
2018-10-05,5808043,4471700
2018-10-06,3106951,2633922
2018-10-07,2537547,2155878
2018-10-08,4227775,3398349
2018-10-09,5805995,4434622
2018-10-10,5912698,4498846
2018-10-11,5750363,4419123
2018-10-12,5832750,4426801
2018-10-13,3042182,2545509
2018-10-14,2442282,2085624
2018-10-15,5517348,4217348
2018-10-16,5840574,4452307
2018-10-17,5861187,4471191
2018-10-18,5920894,4525497
2018-10-19,5756898,4380880
2018-10-20,3103451,2583232
2018-10-21,2404282,2047406
2018-10-22,5603667,4264687
2018-10-23,5852205,4429094
2018-10-24,5884155,4446486
2018-10-25,5955126,4513157
2018-10-26,5822333,4423417
2018-10-27,2628370,2238942
2018-10-28,2467581,2082868
2018-10-29,5634276,4294849
2018-10-30,5916302,4499653
2018-10-31,5808532,4425212
2018-11-01,5872228,4445681
2018-11-02,5709893,4367445
2018-11-03,3191024,2647658
2018-11-04,2756159,2287796
2018-11-05,5613188,4249674
2018-11-06,5239662,4033984
2018-11-07,5892453,4426787
2018-11-08,5938415,4479669
2018-11-09,5616573,4283744
2018-11-10,3126190,2543836
2018-11-11,2461853,2064341
2018-11-12,4716813,3652701
2018-11-13,5692287,4311909
2018-11-14,5861377,4389182
2018-11-15,5859171,4421909
2018-11-16,5484277,4169559
2018-11-17,3117821,2556422
2018-11-18,2377790,2017545
2018-11-19,5660628,4254939
2018-11-20,5773828,4356109
2018-11-21,5306221,3983970
2018-11-22,2007414,1601137
2018-11-23,3312953,2591221
2018-11-24,2652124,2109599
2018-11-25,2329441,1872911
2018-11-26,5434712,4040984
2018-11-27,5821356,4339771
2018-11-28,5928634,4392556
2018-11-29,5988296,4454358
2018-11-30,5851791,4392218
2018-12-01,3337114,2669531
2018-12-02,2406231,1984442
2018-12-03,5736069,4286056
2018-12-04,5904813,4409291
2018-12-05,5820336,4340164
2018-12-06,5940933,4446154
2018-12-07,5804782,4366121
2018-12-08,3349331,2694889
2018-12-09,2507705,2064308
2018-12-10,5616156,4215675
2018-12-11,5810227,4344025
2018-12-12,5865951,4408844
2018-12-13,5751880,4337892
2018-12-14,5807485,4382513
2018-12-15,3308514,2669497
2018-12-16,2400287,2001379
2018-12-17,5635393,4227409
2018-12-18,5799100,4336197
2018-12-19,5763668,4353416
2018-12-20,5692599,4279946
2018-12-21,5108932,3866530
2018-12-22,3175109,2524911
2018-12-23,2706368,2198488
2018-12-24,3284329,2609774
2018-12-25,1752648,1437367
2018-12-26,4008627,3121938
2018-12-27,4521322,3553798
2018-12-28,4045224,3187880
2018-12-29,3199236,2659770
2018-12-30,2625177,2239108
2018-12-31,3501705,2886222
2019-01-01,2163280,1866275
2019-01-02,5019284,3922291
2019-01-03,5246186,4085136
2019-01-04,5216802,4049276
2019-01-05,2541590,2191103
2019-01-06,2183087,1905438
2019-01-07,5126444,3976091
2019-01-08,5254754,4043885
2019-01-09,5374608,4164545
2019-01-10,5363260,4156878
2019-01-11,5228857,4050622
2019-01-12,2669172,2277934
2019-01-13,2062473,1807286
2019-01-14,5141100,3983231
2019-01-15,5349914,4123076
2019-01-16,5408917,4192086
2019-01-17,5429745,4221223
2019-01-18,5133202,3996007
2019-01-19,2645927,2271434
2019-01-20,1862620,1667265
2019-01-21,2433289,2073186
2019-01-22,5086778,3951507
2019-01-23,5297876,4163348
2019-01-24,5191968,4042485
2019-01-25,5401071,4152861
2019-01-26,2900459,2404580
2019-01-27,2273098,1913411
2019-01-28,5287360,4079206
2019-01-29,5517017,4227249
2019-01-30,5385378,4166335
2019-01-31,4858051,3795862
2019-02-01,5207751,4108287
2019-02-02,2752287,2331439
2019-02-03,2180293,1885857
2019-02-04,5347618,4185945
2019-02-05,5289661,4187472
2019-02-06,5614770,4405425
2019-02-07,5627710,4363558
2019-02-08,5523606,4315282
2019-02-09,2860185,2466378
2019-02-10,2193287,1936431
2019-02-11,5427118,4215042
2019-02-12,4897305,3834200
2019-02-13,5680749,4399259
2019-02-14,5710139,4387802
2019-02-15,5435456,4216995
2019-02-16,2955637,2470294
2019-02-17,2388222,2036150
2019-02-18,3092311,2484685
2019-02-19,5230198,4117127
2019-02-20,5017778,3997345
2019-02-21,5308004,4166757
2019-02-22,5178148,4132313
2019-02-23,2812809,2417841
2019-02-24,2035890,1853438
2019-02-25,5292200,4145280
2019-02-26,5586098,4370924
2019-02-27,5516207,4315291
2019-02-28,5599611,4371465
2019-03-01,5389379,4265619
2019-03-02,2728332,2386598
2019-03-03,2206658,1984739
2019-03-04,4253343,3426349
2019-03-05,5645233,4409899
2019-03-06,5613618,4413296
2019-03-07,5679646,4421668
2019-03-08,5563285,4406307
2019-03-09,3044667,2648685
2019-03-10,2113451,1935903
2019-03-11,5497143,4339921
2019-03-12,5686441,4482845
2019-03-13,5710637,4510708
2019-03-14,5746703,4535821
2019-03-15,5592251,4438371
2019-03-16,3095734,2692157
2019-03-17,2362765,2109660
2019-03-18,5347052,4236853
2019-03-19,5584616,4320540
2019-03-20,5649341,4364240
2019-03-21,5487183,4277328
2019-03-22,5426200,4246209
2019-03-23,2931863,2469757
2019-03-24,2338262,1985206
2019-03-25,5362141,4175826
2019-03-26,5629102,4375983
2019-03-27,5663423,4400926
2019-03-28,5730241,4406900
2019-03-29,5532590,4311233
2019-03-30,3172091,2654034
2019-03-31,2199258,1882927
2019-04-01,5503885,4239729
2019-04-02,5701760,4444939
2019-04-03,5808612,4573077
2019-04-04,5827120,4578306
2019-04-05,5571065,4385500
2019-04-06,3223241,2702000
2019-04-07,2444557,2112852
2019-04-08,5488201,4295276
2019-04-09,5696017,4436893
2019-04-10,5773962,4547589
2019-04-11,5724753,4508317
2019-04-12,5622982,4436298
2019-04-13,3201051,2711211
2019-04-14,2398952,2092683
2019-04-15,5463616,4308459
2019-04-16,5823989,4589397
2019-04-17,5853182,4582400
2019-04-18,5766905,4533084
2019-04-19,4653619,3754941
2019-04-20,2768677,2370508
2019-04-21,2291963,1987089
2019-04-22,4878037,3896671
2019-04-23,5373748,4278543
2019-04-24,5366158,4263594
2019-04-25,5379331,4280723
2019-04-26,4972609,3989821
2019-04-27,3190642,2675155
2019-04-28,2350465,2036498
2019-04-29,5491352,4283759
2019-04-30,5667872,4448419
2019-05-01,5727920,4501558
2019-05-02,5814321,4566155
2019-05-03,5682490,4447536
2019-05-04,3162824,2647079
2019-05-05,2252364,1941556
2019-05-06,5621160,4349710
2019-05-07,5795044,4499531
2019-05-08,5789337,4552218
2019-05-09,5778779,4500789
2019-05-10,5554834,4348238
2019-05-11,3143898,2675690
2019-05-12,2019112,1792101
2019-05-13,5396820,4249796
2019-05-14,5725472,4458100
2019-05-15,5855090,4511358
2019-05-16,5864574,4500909
2019-05-17,5704269,4406022
2019-05-18,3322825,2735317
2019-05-19,2569054,2126767
2019-05-20,5557045,4291064
2019-05-21,5728619,4396054
2019-05-22,5680854,4344773
2019-05-23,5471169,4186793
2019-05-24,5362990,4182209
2019-05-25,2967277,2487578
2019-05-26,2513811,2118768
2019-05-27,2573117,2115497
2019-05-28,5398668,4196550
2019-05-29,5647842,4371829
2019-05-30,5688399,4406486
2019-05-31,5704392,4425181
2019-06-01,3093829,2581182
2019-06-02,2455229,2078575
2019-06-03,5484370,4253225
2019-06-04,5458367,4258902
2019-06-05,5683833,4393255
2019-06-06,5648826,4392908
2019-06-07,5588975,4351374
2019-06-08,3182424,2651018
2019-06-09,2518138,2127014
2019-06-10,5200722,4071722
2019-06-11,5676107,4425767
2019-06-12,5823489,4491675
2019-06-13,5639331,4359595
2019-06-14,5637519,4385950
2019-06-15,3123632,2590209
2019-06-16,2270364,1919162
2019-06-17,5421130,4217887
2019-06-18,5554029,4310992
2019-06-19,5682281,4424275
2019-06-20,5658082,4387343
2019-06-21,5523109,4299410
2019-06-22,3220166,2658455
2019-06-23,2556532,2161232
2019-06-24,5379626,4215101
2019-06-25,5501206,4293598
2019-06-26,5763665,4530592
2019-06-27,5594558,4415602
2019-06-28,5438625,4286797
2019-06-29,3107023,2594423
2019-06-30,2969052,2476360
2019-07-01,5176742,4177222
2019-07-02,5289941,4202618
2019-07-03,5185013,4097727
2019-07-04,2714742,2257744
2019-07-05,3902204,3192594
2019-07-06,2525772,2158348
2019-07-07,2254431,1921067
2019-07-08,5101711,4034615
2019-07-09,5425155,4290859
2019-07-10,5537194,4409911
2019-07-11,5445267,4299199
2019-07-12,5356032,4233103
2019-07-13,2933003,2456330
2019-07-14,2372260,2011728
2019-07-15,5274339,4160816
2019-07-16,5511933,4339975
2019-07-17,5409095,4262847
2019-07-18,5337920,4228860
2019-07-19,5161306,4100562
2019-07-20,2577372,2187622
2019-07-21,2123592,1840794
2019-07-22,5025668,4001917
2019-07-23,5241932,4186164
2019-07-24,5542973,4393104
2019-07-25,5511676,4391052
2019-07-26,5261626,4205281
2019-07-27,2979924,2533844
2019-07-28,2366818,2039909
2019-07-29,5109669,4091889
2019-07-30,5353509,4272322
2019-07-31,5296638,4236290
2019-08-01,5420186,4341844
2019-08-02,5177868,4156262
2019-08-03,2935761,2473949
2019-08-04,2387641,2036331
2019-08-05,5119308,4108369
2019-08-06,5307478,4253592
2019-08-07,5211695,4170703
2019-08-08,5381920,4312054
2019-08-09,5133532,4130474
2019-08-10,2951505,2510821
2019-08-11,2410400,2087899
2019-08-12,4996235,3993191
2019-08-13,5107269,4082515
2019-08-14,5209488,4168375
2019-08-15,5291961,4238662
2019-08-16,4984839,4009695
2019-08-17,2813001,2386512
2019-08-18,2231228,1915614
2019-08-19,4811910,3871933
2019-08-20,5098695,4096506
2019-08-21,5019326,4024311
2019-08-22,5030988,4081074
2019-08-23,4804122,3867557
2019-08-24,2843655,2412083
2019-08-25,2280065,1966292
2019-08-26,4861499,3897139
2019-08-27,5192349,4143871
2019-08-28,5274811,4131985
2019-08-29,5368287,4206242
2019-08-30,4960764,3940262
2019-08-31,2932018,2421447
2019-09-01,2528839,2107600
2019-09-02,2249056,1867314
2019-09-03,5346373,4230107
2019-09-04,5531237,4389304
2019-09-05,5756953,4627151
2019-09-06,5621336,4503460
2019-09-07,3174508,2733268
2019-09-08,2482316,2190686
2019-09-09,5654290,4503410
2019-09-10,5866105,4651034
2019-09-11,5893766,4665795
2019-09-12,5877170,4650738
2019-09-13,5828395,4627136
2019-09-14,3047899,2642888
2019-09-15,2503525,2185137
2019-09-16,5655161,4461358
2019-09-17,5925901,4663976
2019-09-18,5983829,4719269
2019-09-19,6018023,4698479
2019-09-20,5954972,4678673
2019-09-21,3286918,2760457
2019-09-22,2591394,2191950
2019-09-23,5749183,4485968
2019-09-24,6010733,4669834
2019-09-25,6070275,4701530
2019-09-26,6082669,4697320
2019-09-27,5926964,4573531
2019-09-28,3171811,2658315
2019-09-29,2479712,2141081
2019-09-30,4811268,3853792
2019-10-01,5200170,4146192
2019-10-02,5913799,4647755
2019-10-03,5985293,4695882
2019-10-04,5975737,4697224
2019-10-05,3358223,2818664
2019-10-06,2574233,2200434
2019-10-07,5796621,4517490
2019-10-08,5796974,4557619
2019-10-09,4967897,3995131
2019-10-10,6097901,4780875
2019-10-11,5928409,4576628
2019-10-12,3280290,2730869
2019-10-13,2679575,2267752
2019-10-14,4321814,3450984
2019-10-15,5932700,4585237
2019-10-16,5868385,4539626
2019-10-17,6129449,4713721
2019-10-18,6022486,4662729
2019-10-19,3364907,2715153
2019-10-20,2440674,1999583
2019-10-21,5732780,4413301
2019-10-22,5844137,4519606
2019-10-23,6099764,4709032
2019-10-24,6163801,4751365
2019-10-25,5936847,4612382
2019-10-26,3333796,2721616
2019-10-27,2191666,1830357
2019-10-28,5793365,4481494
2019-10-29,6007617,4642081
2019-10-30,6043060,4686551
2019-10-31,5835028,4553736
2019-11-01,5961375,4658400
2019-11-02,3305113,2706726
2019-11-03,2758193,2300627
2019-11-04,5792887,4509361
2019-11-05,5526338,4359629
2019-11-06,5997525,4669243
2019-11-07,5983306,4662248
2019-11-08,5777683,4544423
2019-11-09,3186162,2653868
2019-11-10,2505099,2122188
2019-11-11,4763722,3805546
2019-11-12,5772020,4555040
2019-11-13,5808536,4554661
2019-11-14,5901583,4647334
2019-11-15,5808381,4603485
2019-11-16,3234331,2795008
2019-11-17,2465477,2142616
2019-11-18,5604925,4407161
2019-11-19,5903190,4642187
2019-11-20,5921573,4656213
2019-11-21,5985972,4695006
2019-11-22,5742791,4570525
2019-11-23,3129517,2691601
2019-11-24,2234402,1985632
2019-11-25,5662440,4449606
2019-11-26,5797483,4546064
2019-11-27,5273068,4148749
2019-11-28,2154378,1842372
2019-11-29,3434555,2851348
2019-11-30,2824319,2397194
2019-12-01,2051094,1766605
2019-12-02,5239900,4072143
2019-12-03,5827441,4507584
2019-12-04,5966023,4634096
2019-12-05,6059815,4692191
2019-12-06,5942595,4630958
2019-12-07,3534896,2941188
2019-12-08,2715775,2300731
2019-12-09,5607895,4345642
2019-12-10,5929542,4600401
2019-12-11,5960088,4629867
2019-12-12,6081242,4721959
2019-12-13,5889733,4607037
2019-12-14,3465300,2912281
2019-12-15,2870162,2435572
2019-12-16,5741140,4487101
2019-12-17,5700536,4464392
2019-12-18,5945451,4681029
2019-12-19,5727587,4507459
2019-12-20,5616569,4493505
2019-12-21,3214310,2706489
2019-12-22,2725943,2333552
2019-12-23,4787987,3871307
2019-12-24,3718129,3082888
2019-12-25,1839606,1673275
2019-12-26,3979406,3256686
2019-12-27,4391623,3518449
2019-12-28,3185817,2641268
2019-12-29,2597776,2166024
2019-12-30,4308708,3467168
2019-12-31,4012814,3320112
2020-01-01,2279624,2012530
2020-01-02,4947424,3974298
2020-01-03,4903405,3931408
2020-01-04,2748507,2340586
2020-01-05,2234846,1939761
2020-01-06,5174227,4100904
2020-01-07,5341975,4215509
2020-01-08,5360037,4274056
2020-01-09,5384217,4264704
2020-01-10,5392994,4288142
2020-01-11,2944251,2516680
2020-01-12,2265834,1978335
2020-01-13,5161325,4112264
2020-01-14,5359143,4246430
2020-01-15,5448130,4322263
2020-01-16,5490900,4325247
2020-01-17,5281098,4182436
2020-01-18,2511775,2178257
2020-01-19,2228324,1941991
2020-01-20,3117516,2601185
2020-01-21,5228801,4155348
2020-01-22,5324949,4219652
2020-01-23,5360722,4248145
2020-01-24,5220693,4183918
2020-01-25,2521183,2187540
2020-01-26,2285058,1984538
2020-01-27,5201390,4133547
2020-01-28,5524293,4375558
2020-01-29,5545366,4386106
2020-01-30,5536579,4377395
2020-01-31,5314901,4250448
2020-02-01,2779842,2376253
2020-02-02,2182594,1872976
2020-02-03,5299991,4241380
2020-02-04,5500943,4343074
2020-02-05,5568188,4399286
2020-02-06,5535130,4373195
2020-02-07,5380505,4279117
2020-02-08,2872698,2441448
2020-02-09,2196393,1884101
2020-02-10,5282484,4171487
2020-02-11,5482708,4328577
2020-02-12,5470041,4334873
2020-02-13,5548223,4388479
2020-02-14,5357971,4281691
2020-02-15,2689278,2301067
2020-02-16,2266222,1958127
2020-02-17,3107490,2545724
2020-02-18,5075928,4077242
2020-02-19,5247351,4216330
2020-02-20,5231799,4231119
2020-02-21,5004120,4052917
2020-02-22,2820731,2408734
2020-02-23,2217460,1924787
2020-02-24,5303131,4202941
2020-02-25,5454301,4330258
2020-02-26,5483078,4373864
2020-02-27,5584331,4442751
2020-02-28,5372066,4307299
2020-02-29,2787543,2411420
2020-03-01,2162882,1907859
2020-03-02,5236058,4187752
2020-03-03,5398150,4386309
2020-03-04,5396974,4437032
2020-03-05,5391787,4430498
2020-03-06,5123945,4282132
2020-03-07,2720634,2459736
2020-03-08,2106926,1970416
2020-03-09,4889754,4042674
2020-03-10,4833741,3974617
2020-03-11,4680849,3850061
2020-03-12,4120970,3423054
2020-03-13,3472531,2930624
2020-03-14,1639614,1547697
2020-03-15,1151491,1127707
2020-03-16,2187898,1891958
2020-03-17,1804286,1584956
2020-03-18,1647030,1462102
2020-03-19,1486200,1335612
2020-03-20,1340379,1222148
2020-03-21,649150,672006
2020-03-22,444140,494786
2020-03-23,752142,749748
2020-03-24,819751,802768
2020-03-25,756994,766367
2020-03-26,774225,747425
2020-03-27,746125,697710
2020-03-28,354022,433972
2020-03-29,300054,371903
2020-03-30,583047,610598
2020-03-31,553147,584033
2020-04-01,552848,585544
2020-04-02,524482,557540
2020-04-03,523369,558956
2020-04-04,317975,384161
2020-04-05,264434,331202
2020-04-06,485223,525836
2020-04-07,474869,515025
2020-04-08,466830,508996
2020-04-09,444755,491262
2020-04-10,439656,493315
2020-04-11,294172,365388
2020-04-12,237108,309134
2020-04-13,403790,456312
2020-04-14,473009,519644
2020-04-15,461807,540818
2020-04-16,463978,511799
2020-04-17,522948,525850
2020-04-18,296020,365965
2020-04-19,267445,335724
2020-04-20,483132,532279
2020-04-21,469188,515006
2020-04-22,505156,546714
2020-04-23,536665,564956
2020-04-24,526911,561809
2020-04-25,377297,433686
2020-04-26,301066,356201
2020-04-27,547163,577702
2020-04-28,573566,598341
2020-04-29,562868,588109
2020-04-30,550977,577160
2020-05-01,580955,607112
2020-05-02,374283,436287
2020-05-03,308721,369870
2020-05-04,562250,589050
2020-05-05,571927,597575
2020-05-06,557353,580619
2020-05-07,584599,604132
2020-05-08,575507,598035
2020-05-09,363712,422840
2020-05-10,320500,374036
2020-05-11,569488,589762
2020-05-12,603062,615457
2020-05-13,615677,623203
2020-05-14,658286,651873
2020-05-15,641519,651035
2020-05-16,411999,456015
2020-05-17,338501,380277
2020-05-18,646207,646099
2020-05-19,662524,658071
2020-05-20,674839,670336
2020-05-21,679191,675363
2020-05-22,682982,684772
2020-05-23,383161,420383
2020-05-24,369320,409727
2020-05-25,443239,470541
2020-05-26,705033,704168
2020-05-27,723254,720928
2020-05-28,704967,703694
2020-05-29,704487,711893
2020-05-30,470998,527484
2020-05-31,391170,442967
2020-06-01,729375,752290
2020-06-02,732404,745649
2020-06-03,762860,751930
2020-06-04,767964,767708
2020-06-05,744940,754589
2020-06-06,502181,557509
2020-06-07,420852,471079
2020-06-08,843134,841604
2020-06-09,918226,904495
2020-06-10,933855,914495
2020-06-11,856768,847555
2020-06-12,935154,930190
2020-06-13,581667,629269
2020-06-14,471142,554912
2020-06-15,934141,917668
2020-06-16,965972,988158
2020-06-17,984748,956265
2020-06-18,974409,949346
2020-06-19,1031051,1007977
2020-06-20,610686,651226
2020-06-21,489826,533266
2020-06-22,1069039,1047557
2020-06-23,1076484,1059773
2020-06-24,1092156,1073156
2020-06-25,1105927,1081437
2020-06-26,1123001,1117948
2020-06-27,644455,740411
2020-06-28,565868,614388
2020-06-29,1125787,1103243
2020-06-30,1138595,1102744
2020-07-01,1132871,1110993
2020-07-02,1176615,1172620
2020-07-03,869917,897817
2020-07-04,618193,682124
2020-07-05,556490,613247
2020-07-06,1096127,1096564
2020-07-07,1163369,1159153
2020-07-08,1172812,1172709
2020-07-09,1211538,1226638
2020-07-10,1036532,1053337
2020-07-11,703398,763175
2020-07-12,639492,710872
2020-07-13,1183659,1221508
2020-07-14,1234554,1245084
2020-07-15,1237570,1254136
2020-07-16,1237487,1258829
2020-07-17,1196557,1223902
2020-07-18,776694,873112
2020-07-19,593708,689808
2020-07-20,1152234,1190497
2020-07-21,1230725,1262659
2020-07-22,1217013,1290391
2020-07-23,1215537,1247649
2020-07-24,1230656,1240576
2020-07-25,805682,942150
2020-07-26,607573,713202
2020-07-27,1187657,1237240
2020-07-28,1222576,1270263
2020-07-29,1272436,1320566
2020-07-30,1265430,1345921
2020-07-31,1251325,1367690
2020-08-01,839976,992852
2020-08-02,601104,750671
2020-08-03,1256528,1349778
2020-08-04,1015868,1112694
2020-08-05,1373193,1451976
2020-08-06,1312395,1409575
2020-08-07,1266735,1368691
2020-08-08,835702,962674
2020-08-09,723565,806051
2020-08-10,1278020,1356326
2020-08-11,1320242,1388893
2020-08-12,1299525,1357426
2020-08-13,1293544,1347576
2020-08-14,1354104,1428507
2020-08-15,866814,995528
2020-08-16,580870,696718
2020-08-17,1313745,1411627
2020-08-18,1367597,1425986
2020-08-19,1288411,1385105
2020-08-20,1402223,1466780
2020-08-21,1378842,1456701
2020-08-22,887224,1007650
2020-08-23,692821,812378
2020-08-24,1309958,1380716
2020-08-25,1351675,1424185
2020-08-26,1407000,1524794
2020-08-27,1361932,1428258
2020-08-28,1386157,1467523
2020-08-29,796767,916690
2020-08-30,771349,898420
2020-08-31,1409291,1458381
2020-09-01,1470628,1508793
2020-09-02,1484218,1506020
2020-09-03,1524991,1545342
2020-09-04,1591850,1594325
2020-09-05,1023033,1154451
2020-09-06,845857,950974
2020-09-07,931743,998524
2020-09-08,1564939,1587828
2020-09-09,1619711,1682953
2020-09-10,1550589,1569541
2020-09-11,1690845,1716339
2020-09-12,1098757,1203606
2020-09-13,835417,943667
2020-09-14,1617355,1578799
2020-09-15,1682029,1592136
2020-09-16,1687505,1586429
2020-09-17,1692052,1593902
2020-09-18,1717172,1639110
2020-09-19,1157134,1160561
2020-09-20,881084,894347
2020-09-21,1648614,1547550
2020-09-22,1671253,1613393
2020-09-23,1661918,1651428
2020-09-24,1648910,1641883
2020-09-25,1677108,1695980
2020-09-26,1054353,1195495
2020-09-27,804368,925215
2020-09-28,1427448,1481263
2020-09-29,1593662,1604762
2020-09-30,1664997,1677630
2020-10-01,1726723,1740585
2020-10-02,1699599,1737825
2020-10-03,1094444,1228269
2020-10-04,811293,948731
2020-10-05,1605411,1631838
2020-10-06,1678029,1703638
2020-10-07,1683470,1710283
2020-10-08,1702979,1736296
2020-10-09,1710630,1763848
2020-10-10,1090204,1173141
2020-10-11,799310,872080
2020-10-12,1225003,1217040
2020-10-13,1637379,1572835
2020-10-14,1735014,1664099
2020-10-15,1747894,1678315
2020-10-16,1573672,1523512
2020-10-17,1123387,1192765
2020-10-18,841348,907128
2020-10-19,1634247,1565095
2020-10-20,1689446,1635053
2020-10-21,1717021,1644430
2020-10-22,1722140,1656423
2020-10-23,1730545,1687051
2020-10-24,1098766,1174668
2020-10-25,825821,896348
2020-10-26,1605814,1553130
2020-10-27,1718393,1654016
2020-10-28,1714039,1652023
2020-10-29,1630291,1551911
2020-10-30,1652834,1621803
2020-10-31,1127859,1174913
2020-11-01,724383,784296
2020-11-02,1646446,1596421
2020-11-03,1516435,1488384
2020-11-04,1600446,1555055
2020-11-05,1691215,1682844
2020-11-06,1718719,1691453
2020-11-07,1141258,1227855
2020-11-08,868757,949048
2020-11-09,1649436,1601953
2020-11-10,1724340,1679615
2020-11-11,1509716,1496874
2020-11-12,1655418,1622430
2020-11-13,1678252,1663370
2020-11-14,1105995,1196244
2020-11-15,764427,844999
2020-11-16,1629894,1592774
2020-11-17,1679391,1652839
2020-11-18,1671019,1648325
2020-11-19,1648655,1647628
2020-11-20,1677886,1692549
2020-11-21,1060953,1161893
2020-11-22,771155,879713
2020-11-23,1541746,1554761
2020-11-24,1619023,1607943
2020-11-25,1571887,1590079
2020-11-26,639499,731615
2020-11-27,1201246,1256399
2020-11-28,951279,1057005
2020-11-29,771780,889343
2020-11-30,1367811,1420239
2020-12-01,1590317,1595227
2020-12-02,1585240,1604027
2020-12-03,1619996,1627262
2020-12-04,1580182,1602649
2020-12-05,923019,1040178
2020-12-06,811806,948048
2020-12-07,1546274,1565485
2020-12-08,1598051,1586426
2020-12-09,1588277,1601432
2020-12-10,1641152,1634000
2020-12-11,1652658,1679441
2020-12-12,1010952,1116407
2020-12-13,846588,980442
2020-12-14,1495295,1504050
2020-12-15,1672435,1650572
2020-12-16,1483323,1485305
2020-12-17,1015598,1082417
2020-12-18,1601875,1633524
2020-12-19,1069377,1168488
2020-12-20,798565,890237
2020-12-21,1657780,1623645
2020-12-22,1692320,1649936
2020-12-23,1700828,1679492
2020-12-24,1286022,1312209
2020-12-25,560795,600521
2020-12-26,886420,941292
2020-12-27,765011,846601
2020-12-28,1470288,1465862
2020-12-29,1506980,1508218
2020-12-30,1557052,1536565
2020-12-31,1285496,1288773
2021-01-01,656205,689162
2021-01-02,962196,1029354
2021-01-03,660452,726652
2021-01-04,1508932,1477580
2021-01-05,1540679,1497199
2021-01-06,1545555,1523410
2021-01-07,1530684,1529375
2021-01-08,1535990,1516804
2021-01-09,953970,1033468
2021-01-10,734246,829038
2021-01-11,1494995,1512376
2021-01-12,1552349,1521670
2021-01-13,1552957,1537909
2021-01-14,1534430,1538183
2021-01-15,1538194,1515168
2021-01-16,957400,1025763
2021-01-17,762369,852640
2021-01-18,1226743,1258078
2021-01-19,1569235,1530817
2021-01-20,1515398,1486592
2021-01-21,1558652,1542979
2021-01-22,1600536,1554897
2021-01-23,985717,1034784
2021-01-24,735755,801456
2021-01-25,1534282,1484387
2021-01-26,1586740,1433422
2021-01-27,1682222,1540476
2021-01-28,1642720,1531062
2021-01-29,1551400,1421260
2021-01-30,1028491,954657
2021-01-31,815815,765561
2021-02-01,759390,664217
2021-02-02,1105659,961906
2021-02-03,1731735,1573451
2021-02-04,1886663,1660282
2021-02-05,1865566,1611067
2021-02-06,1323959,1149151
2021-02-07,872578,702520
2021-02-08,1798317,1527234
2021-02-09,1826301,1535524
2021-02-10,1896965,1618519
2021-02-11,1821585,1591412
2021-02-12,1840096,1582882
2021-02-13,1293019,1094426
2021-02-14,1047667,894144
2021-02-15,1437045,1169903
2021-02-16,1815142,1514251
2021-02-17,1857519,1611856
2021-02-18,1451673,1304992
2021-02-19,1630393,1453345
2021-02-20,1220298,1102762
2021-02-21,950835,870114
2021-02-22,1698201,1467116
2021-02-23,1810617,1644020
2021-02-24,1874164,1773492
2021-02-25,1820295,1758588
2021-02-26,1770333,1770164
2021-02-27,1093706,1173432
2021-02-28,880503,942661
2021-03-01,1636700,1660266
2021-03-02,1630971,1692658
2021-03-03,1710779,1785300
2021-03-04,1677913,1750191
2021-03-05,1671031,1761098
2021-03-06,1072446,1241830
2021-03-07,848082,998477
2021-03-08,1601227,1667408
2021-03-09,1691169,1762403
2021-03-10,1699447,1777133
2021-03-11,1729228,1817977
2021-03-12,1735085,1843281
2021-03-13,1138950,1323081
2021-03-14,879098,1041769
2021-03-15,1602867,1663067
2021-03-16,1656813,1715339
2021-03-17,1705535,1774846
2021-03-18,1623181,1683601
2021-03-19,1724344,1810618
2021-03-20,1163426,1347022
2021-03-21,920639,1085201
2021-03-22,1652953,1717483
2021-03-23,1718447,1779429
2021-03-24,1673274,1721703
2021-03-25,1778227,1803175
2021-03-26,1735565,1831246
2021-03-27,1213711,1393413
2021-03-28,755598,883022
2021-03-29,1588244,1663154
2021-03-30,1705866,1783040
2021-03-31,1642137,1705907
2021-04-01,1660731,1737410
2021-04-02,1589907,1675831
2021-04-03,1159089,1315698
2021-04-04,861417,1002133
2021-04-05,1694210,1709751
2021-04-06,1791314,1809152
2021-04-07,1871046,1840253
2021-04-08,1937182,1860478
2021-04-09,1954052,1880034
2021-04-10,1338048,1367420
2021-04-11,890121,938847
2021-04-12,1684039,1705230
2021-04-13,1822276,1849119
2021-04-14,1868851,1888804
2021-04-15,1714722,1751372
2021-04-16,1886424,1966717
2021-04-17,1225580,1470670
2021-04-18,952777,1178973
2021-04-19,1717275,1847464
2021-04-20,1849851,2004418
2021-04-21,1754635,1921234
2021-04-22,1840466,1966877
2021-04-23,1922332,2046976
2021-04-24,1296263,1569640
2021-04-25,879548,1094152
2021-04-26,1759789,1877798
2021-04-27,1833465,1955860
2021-04-28,1903454,2049541
2021-04-29,1821024,1942336
2021-04-30,1973573,2067617
2021-05-01,1304731,1556791
2021-05-02,1017712,1239274
2021-05-03,1787483,1894029
2021-05-04,1904872,2018679
2021-05-05,1856710,1971478
2021-05-06,1967513,2085562
2021-05-07,2002540,2130239
2021-05-08,1261304,1492038
2021-05-09,1002971,1196927
2021-05-10,1815183,1922637
2021-05-11,1947016,2056553
2021-05-12,2004822,2092054
2021-05-13,1946410,2082015
2021-05-14,2050809,2181494
2021-05-15,1435565,1675595
2021-05-16,1101470,1299313
2021-05-17,1868488,1961517
2021-05-18,1973873,2075654
2021-05-19,2010258,2164395
2021-05-20,1981710,2169695
2021-05-21,2025601,2222828
2021-05-22,1370077,1692434
2021-05-23,1064270,1370586
2021-05-24,1866936,2057281
2021-05-25,1979966,2180279
2021-05-26,1977486,2182995
2021-05-27,2040871,2291349
2021-05-28,1953927,2147620
2021-05-29,1174245,1441297
2021-05-30,932239,1207375
2021-05-31,1220259,1463856
2021-06-01,1988098,2180319
2021-06-02,2050395,2244974
2021-06-03,1953150,2151348
2021-06-04,2025397,2217043
2021-06-05,1501722,1833015
2021-06-06,1162790,1462901
2021-06-07,1956453,2164731
2021-06-08,1986226,2196348
2021-06-09,2115635,2321419
2021-06-10,2146444,2378570
2021-06-11,2150548,2384697
2021-06-12,1546123,1735502
2021-06-13,1193488,1392152
2021-06-14,2004582,2099755
2021-06-15,2160536,2292825
2021-06-16,2201718,2338403
2021-06-17,2259101,2385535
2021-06-18,2225941,2398097
2021-06-19,1509849,1758720
2021-06-20,1212890,1416450
2021-06-21,2013450,2153616
2021-06-22,2041697,2211972
2021-06-23,2227731,2382612
2021-06-24,2227410,2389736
2021-06-25,2298974,2431155
2021-06-26,1566358,1831487
2021-06-27,1321316,1613854
2021-06-28,2001853,2167254
2021-06-29,2069132,2242784
2021-06-30,2072624,2244189
2021-07-01,2026557,2198434
2021-07-02,2045325,2209448
2021-07-03,1367891,1569956
2021-07-04,1307354,1532478
2021-07-05,1366601,1559406
2021-07-06,1956560,2231848
2021-07-07,2057335,2347491
2021-07-08,2021194,2264861
2021-07-09,1976059,2244371
2021-07-10,1440825,1800253
2021-07-11,1124128,1445785
2021-07-12,1877489,2184611
2021-07-13,1980655,2369951
2021-07-14,2022957,2426260
2021-07-15,2063088,2481097
2021-07-16,2024967,2450597
2021-07-17,1274861,1772649
2021-07-18,1047965,1504897
2021-07-19,1883391,2274765
2021-07-20,1965460,2374865
2021-07-21,1996892,2401634
2021-07-22,2058796,2481281
2021-07-23,2032806,2465384
2021-07-24,1378225,1892035
2021-07-25,1019323,1479992
2021-07-26,1871230,2279146
2021-07-27,1990119,2415465
2021-07-28,2023021,2461119
2021-07-29,1933450,2370009
2021-07-30,2035317,2496901
2021-07-31,1368608,1911214
2021-08-01,1007169,1492484
2021-08-02,1880369,2304637
2021-08-03,1987354,2428190
2021-08-04,2015352,2472342
2021-08-05,2015851,2474605
2021-08-06,2010146,2476408
2021-08-07,1321604,1923502
2021-08-08,995800,1494047
2021-08-09,1907358,2309828
2021-08-10,1943714,2420342
2021-08-11,1965899,2459931
2021-08-12,1988698,2463007
2021-08-13,1921990,2433946
2021-08-14,1273417,1842525
2021-08-15,1064693,1595199
2021-08-16,1831872,2306732
2021-08-17,1983399,2398237
2021-08-18,1945626,2337834
2021-08-19,1925888,2331467
2021-08-20,1934455,2343936
2021-08-21,1279265,1746469
2021-08-22,579493,896738
2021-08-23,1631282,2008711
2021-08-24,1943400,2372753
2021-08-25,1967702,2390377
2021-08-26,1945659,2375976
2021-08-27,1875469,2290800
2021-08-28,1224574,1700699
2021-08-29,1032094,1473299
2021-08-30,1831880,2239054
2021-08-31,1983062,2418891
2021-09-01,1795668,2222104
2021-09-02,1312365,1708665
2021-09-03,1852971,2268869
2021-09-04,1300668,1796860
2021-09-05,1025543,1482160
2021-09-06,1135811,1584301
2021-09-07,1883175,2337305
2021-09-08,1977431,2439709
2021-09-09,2080851,2561280
2021-09-10,2244236,2747546
2021-09-11,1437669,2014672
2021-09-12,1141126,1645998
2021-09-13,2259632,2695987
2021-09-14,2411736,2852299
2021-09-15,2364196,2784327
2021-09-16,1980227,2426439
2021-09-17,2391721,2814103
2021-09-18,1453695,2024484
2021-09-19,1151724,1627518
2021-09-20,2307811,2683822
2021-09-21,2401640,2803648
2021-09-22,2466597,2831286
2021-09-23,2447757,2856146
2021-09-24,2519743,2979520
2021-09-25,1569386,2187700
2021-09-26,1217763,1708844
2021-09-27,2363100,2743614
2021-09-28,2425716,2785020
2021-09-29,2494493,2859883
2021-09-30,2545430,2962081
2021-10-01,2554933,2991446
2021-10-02,1534836,2129433
2021-10-03,1200658,1670600
2021-10-04,2350591,2747184
2021-10-05,2523522,2929136
2021-10-06,2556828,2924458
2021-10-07,2582186,3003698
2021-10-08,2562779,3011242
2021-10-09,1528383,2133691
2021-10-10,1133457,1676339
2021-10-11,1822314,2283437
2021-10-12,2523333,2944796
2021-10-13,2557234,2979674
2021-10-14,2611135,3059074
2021-10-15,2597205,3069148
2021-10-16,1505373,2121008
2021-10-17,1228075,1769847
2021-10-18,2431837,2809580
2021-10-19,2565653,3000909
2021-10-20,2603631,3054446
2021-10-21,2620015,3086312
2021-10-22,2590477,3068300
2021-10-23,1544942,2146509
2021-10-24,1191364,1740335
2021-10-25,2432675,2887930
2021-10-26,2166896,2607831
2021-10-27,2631365,3133518
2021-10-28,2663469,3224093
2021-10-29,2563423,3054490
2021-10-30,1469200,2038353
2021-10-31,1261640,1821695
2021-11-01,2438864,2820866
2021-11-02,2238155,2649383
2021-11-03,2622673,3006844
2021-11-04,2598624,3053906
2021-11-05,2604997,3007313
2021-11-06,1583830,2151797
2021-11-07,1322322,1838422
2021-11-08,2508600,2820778
2021-11-09,2656094,3000141
2021-11-10,2695181,3062084
2021-11-11,2293879,2725061
2021-11-12,2499314,2918263
2021-11-13,1598077,2137419
2021-11-14,1294319,1739319
2021-11-15,2507189,2925034
2021-11-16,2654589,3086824
2021-11-17,2671703,3107896
2021-11-18,2697002,3152660
2021-11-19,2610525,3114001
2021-11-20,1592722,2212109
2021-11-21,1276454,1789461
2021-11-22,2508706,2934432
2021-11-23,2604783,3089426
2021-11-24,2446042,2913091
2021-11-25,1097431,1481893
